Name,Gender
 Саруулөглөө ,unknown
 Мишаа ,male
 Цэвээн ,male
 Улаанхүү ,male
 Оргилсайхан ,male
 Сувдмөрөн ,male
 Буянбадрах ,male
 Мэндзориг ,male
 Батбагана ,male
 Мягмаржав ,male
 Батдэлгэр ,male
 Оюунтүлхүүр ,male
 Түвдэндорж ,male
 Сод-Эрдэнэ ,male
 Ариунгэрэл ,female
 Очиржанцан ,male
 Мөнхсондор ,male
 Хишиг-Ундрах ,male
 Мөнхзул ,male
 Сапарбек ,male
 Номинтуяа ,male
 Мөнхцацрал ,male
 Элбэг ,male
 Мичид ,male
 Содномпил ,male
 Айбек ,male
 Цогтсайхан ,male
 Найсүрэн ,male
 Нямосор ,male
 Баасанцэрэн ,male
 Пүрэвхүү ,male
 Нуржанар ,female
 Батгэрэлт ,male
 Сэндэнханд ,male
 Ууганхүү ,male
 Буянхишиг ,male
 Дөшпүрэв ,male
 Боорчи ,male
 Буянтогтох ,male
 Олз-Ундрах ,male
 Дашдулам ,male
 Энхриймаа ,female
 Мөрөнгоо ,male
 Сарнай ,male
 Баттогтох ,male
 Жамбалсүрэн ,male
 Сэргэлэнбаатар ,male
 Мөнхдарь ,male
 Мөнхчимэг ,male
 Юмжирдулам ,male
 Нурболат ,female
 Эрдэнэюндэн ,male
 Бямбатүшиг ,male
 Дэмчигцоодол ,male
 Хунчимэг ,male
 Мухтар ,male
 Нарангэрэл ,male
 Хишигтуяа ,male
 Зандраабайди ,male
 Алтанхундага ,male
 Чухалбаяр ,male
 Санчирхишиг ,female
 Өнөрбек ,male
 Мягмармаа ,male
 Өлзийучрал ,male
 Нямтогтох ,male
 Болорзаяа ,male
 Ганлхагва ,male
 Оюунсүрэн ,male
 Рэнцэнбат ,male
 Чаминцэцэг ,male
 Түвшинзаяа ,male
 Батгэрэл ,male
 Мандалноров ,male
 Айтолкын ,male
 Мэнд-Амар ,male
 Амармөрөн ,male
 Энх-эрдэнэ ,male
 Жамъяндорж ,male
 Мөнхтамир ,male
 Энхцолмон ,male
 Даваабал ,male
 Мөнгөншагай ,male
 Оргилбат ,male
 Санжаасүрэн ,male
 Юнжмаа ,male
 Отгонсүрэн ,male
 Халима ,male
 Еркебек ,male
 Хишиггарав ,male
 Мөнхзаяа ,male
 Батцэцэг ,female
 Бэлэгжаргал ,male
 Сүндэръяа ,male
 Олзвойбаатар ,male
 Энхирээдүй ,male
 Билигсайхан ,male
 Очирсүрэн ,male
 Цэдэнхорол ,male
 Нуржан ,male
 Гармаа ,male
 Намуунзул ,male
 Эрдэнэ ,female
 Күлимать ,male
 Цогтбаяр ,female
 Минжин ,male
 Лхам-Янжин ,female
 Бүжинханд ,male
 Лигцог ,male
 Пүрэвгарав ,male
 Дариймаа ,male
 Ууганзаяа ,male
 Эрдэнэхөлөг ,female
 Пагмасүрэн ,female
 Оюунцэцэг ,female
 Дуламсүрэн ,female
 Мөнгөнчимэг ,male
 Осоржин ,male
 Энхдарь ,male
 Хувьтөгөлдөр ,male
 Алимаа ,male
 Хыстаубай ,male
 Заяадэлгэр ,male
 Даш-Очир ,male
 Сайнзаяа ,female
 Балт-Очир ,male
 Мөнх-оргил ,male
 Мөнход ,male
 Оюунболор ,male
 Хүрэлболд ,male
 Баточир ,male
 Төрбаяр ,male
 Марал ,male
 Лууэрхбаяр ,male
 Гийгүүлэн ,female
 Ариунсугир ,male
 Лхагва ,male
 Мянган ,male
 Анхболор ,male
 Насандэлгэр ,male
 Есимхан ,male
 Дүвиймаа ,male
 Түмэнхишиг ,male
 Санчирмаа ,male
 Батзул ,male
 Сундуйсүрэн ,male
 Равжир ,unknown
 Даваа ,female
 Монголжин ,female
 Нуржарых ,unknown
 Бямбабазар ,male
 Өсөхжаргал ,male
 Мөнхнар ,male
 Чанцалням ,female
 Далайжиг ,female
 Нямдорж ,male
 Далайжаргал ,male
 Төгсэрдэнэ ,male
 Сэржим ,male
 Өлзиймягмар ,male
 Батхөлөг ,male
 Өлзиймөнх ,male
 Бямбабаяр ,male
 Алтандаваа ,male
 Эрдэнэсайхан ,female
 Төрхүү ,male
 Бямба-Очир ,male
 Мичидгоо ,male
 Будмаа ,male
 Нарангуа ,male
 Дашдондог ,male
 Хишиг ,male
 Өлзийнаран ,male
 Мэндананда ,male
 Гансүх ,female
 Базардорж ,male
 Шүрэнцэцэг ,male
 Мөнхсайхан ,male
 Алдаржаргал ,male
 Эрдэнэсүх ,male
 Диймаа ,male
 Түвшиндүүрэнбаяр ,male
 Отгонцэнд ,male
 Одонцацрал ,male
 Эрдэнэ-Оюун ,female
 Анар-Эрдэнэ ,male
 Хажидмаа ,male
 Дашням ,male
 Ундрам ,male
 Намуунжаргал ,male
 Эрдэнэ-Очир ,male
 Оюу-Эрдэнэ ,male
 Аюушжав ,male
 Батхүрэл ,male
 Алтайсайхан ,female
 Мөнхтэмүүлэн ,male
 Энх-Отгон ,male
 Золбаяр ,male
 Номуундарь ,male
 Сүхболд ,male
 Эвсанаа ,male
 Лашын ,female
 Гэрэлт-Од ,male
 Түвшинтөр ,male
 Билгүүнбаяр ,female
 Цогоо ,male
 Анхгэрэл ,male
 Жамъяншарав ,male
 Батхуяг ,male
 Сумъяасүрэн ,male
 Болор-Ууган ,male
 Азбаяр ,male
 Алтансүмбэр ,male
 Сүх-эрдэнэ ,male
 Ганзаяа ,male
 Бөпөжан ,male
 Тэргүүнбаяр ,male
 Асемгүл ,male
 Янжинлхам ,male
 Доржсамбуу ,male
 Сэржмэдээ ,male
 Буянхүү ,unknown
 Эрдэнэт-Од ,male
 Мягмарцэрэн ,male
 Хишигтогтох ,female
 Ганзолбоо ,male
 Ариунтуул ,male
 Соёнгий ,male
 Өлзийжаргал ,male
 Чимэдцэеэ ,male
 Бахатгүл ,male
 Батжавхлан ,female
 Одонтунгалаг ,male
 Ганмөрөн ,male
 Должинсүрэн ,female
 Болортуул ,male
 Саранцацрал ,male
 Жаргалмаа ,male
 Тулпар ,male
 Болдхүү ,male
 Аминзул ,male
 Энхзул ,male
 Энх-Ирээдүй ,male
 Адъяадолгор ,male
 Болорэрдэнэ ,female
 Бадамцогзол ,male
 Долзодсүрэн ,male
 Цэрэндулам ,male
 Амгаланбаатар ,male
 Ариун-эрдэнэ ,male
 Жансая ,male
 Ишханд ,female
 Цогт ,male
 Шажүүр ,male
 Орхонтамир ,female
 Одонцэцэг ,male
 Архалаг ,male
 Амин-Эрдэнэ ,male
 Аяболот ,male
 Нямцэцэг ,male
 Дондогдулам ,male
 Энхцэцэг ,male
 Сумъяабадам ,male
 Ахмарал ,male
 Дорждэрэм ,male
 Тогтохмаа ,male
 Бадамжаргал ,female
 Тамир ,male
 Мөрөн ,male
 Сүглэгмаа ,female
 Үүртуяа ,male
 Төгсбаяр ,male
 Цэрэнтогтох ,male
 Мянганбуу ,male
 Цэлмэг ,male
 Намуундарь ,male
 Цэрэннадмид ,male
 Буянхорлоо ,male
 Оюунхорол ,male
 Фарида ,male
 Дашзэвэг ,male
 Баяртогос ,male
 Хандармаа ,male
 Хишигжаргал ,male
 Бат-Очир ,male
 Цэгмэд ,male
 Тэлмэн ,male
 Нямбат ,male
 Болортуяа ,male
 Өлзийбат ,male
 Олдохбаяр ,male
 Гоомарал ,male
 Болормаа ,male
 Монголжингоо ,male
 Алтан-Оч ,male
 Батэрдэнэ ,male
 Мөнхнасан ,female
 Жанэрке ,male
 Хишигдарь ,male
 Должан ,female
 Номундарь ,male
 Тэнгисболд ,male
 Ган-очир ,male
 Даваацэрэн ,male
 Ган-Эрдэнэ ,female
 Жанболат ,male
 Отгонцоож ,male
 Аззаяа ,male
 Очирэрдэнэ ,male
 Санчирсум ,male
 Норов-Эрдэнэ ,male
 Давхарбаяр ,female
 Цасанболор ,male
 Бямбажав ,male
 Билгүүндалай ,female
 Еркебулан ,male
 Баярбаатар ,male
 Ануужин ,female
 Бүрэнбаяр ,female
 Болорцэцэг ,male
 Болорсүх ,female
 Бахитжан ,male
 Орогдолмаа ,male
 Хишигбаатар ,male
 Түмэндэмбэрэл ,male
 Амарбаяр ,male
 Лхамноржмаа ,female
 Бат-Өлзий ,male
 Нинж ,male
 Цоолоймаа ,female
 Еркегүл ,male
 Хонгор ,male
 Чинхүслэн ,male
 Жавхлантамир ,male
 Нямбаялаг ,male
 Алтжин ,male
 Уламбаяр ,male
 Ахберген ,male
 Алтанэрдэнэ ,male
 Энхдалай ,male
 Булганбаатар ,male
 Лхам ,male
 Содчимэг ,male
 Саруул ,male
 Очгэрэл ,male
 Өлзий-Очир ,male
 Анифа ,male
 Гүнчинхорол ,male
 Булганзаяа ,male
 Саруул-Уянга ,male
 Буяндорж ,male
 Алтан-очир ,male
 Баярмаа ,male
 Сэндэр ,male
 Бунъяа ,male
 Сайран ,male
 Тулгаа ,male
 Цагаанзаяа ,male
 Цээлхам ,male
 Дарханцэцэг ,male
 Сонинцэцэг ,male
 Баглан ,male
 Номиндалай ,male
 Уранзаяа ,male
 Цэрэннямаа ,male
 Сийлэгмаа ,male
 Амармэнд ,male
 Мөнхболд ,male
 Бибиш ,male
 Цогбадрах ,male
 Гэрэлзаяа ,male
 Гүррагчаа ,female
 Билэгт ,male
 Хишигбаяр ,male
 Ууганбаатар ,male
 Аймөлдир ,male
 Айкүмис ,male
 Зул ,male
 Ганцогт ,male
 Элбэгдорж ,male
 Бямбатогтох ,male
 Ванчин-эрдэнэ ,female
 Дашзэвгэ ,male
 Цэрэнсодном ,male
 Хас-Очир ,male
 Одгэрэл ,male
 Насандулам ,male
 Пүрэвдарь ,male
 Ренчиндулам ,male
 Урансанаа ,male
 Бадам ,male
 Барсбат ,male
 Нямсүрэн ,male
 Энхшүр ,male
 Сэрчидмаа ,male
 Тилеубек ,male
 Эрдэнэдалай ,male
 Сумъяаболд ,male
 Батцоож ,male
 Мөнхтөр ,male
 Даваанаран ,female
 Ганшагай ,female
 Уянга ,male
 Шинэмөрөн ,male
 Төрбаясгалан ,male
 Намуунаа ,male
 Удвалцэцэг ,male
 Төгсбилэг ,male
 Болорлхам ,male
 Хишигдорж ,male
 Энхсувд ,male
 Нинжин ,female
 Алтантүлхүүр ,male
 Тогтохсүрэн ,male
 Арвинжаргал ,female
 Ширчин ,male
 Долгоржав ,male
 Ерсин ,female
 Пүрэвмаа ,female
 Батсуурь ,male
 Халиунгоо ,male
 Цэнгэл ,male
 Амарсүрэн ,male
 Гүндэгмаа ,male
 Цолмон ,male
 Гиймаа ,male
 Адъяахүү ,male
 Очирхуяг ,male
 Баярхүү ,male
 Өэлүн ,male
 Пүрэвтулга ,male
 Буянбилэг ,female
 Рина ,male
 Болорчулуу ,male
 Энхсүх ,female
 Батбаяр ,male
 Даваанэрэн ,male
 Бямбацогзол ,male
 Банзрагч ,male
 Энхсүлд ,male
 Лхамаахүү ,male
 Ачитмаа ,male
 Ваня ,male
 Амьбөх ,female
 Сувданцэцэг ,male
 Урнаа ,male
 Онон ,male
 Одон-ертөнц ,male
 Батөлзий ,male
 Лхагва-Учрал ,male
 Баяндаваа ,male
 Энхлэн ,male
 Булган ,male
 Гаваараднаа ,male
 Байгалмаа ,male
 Одмаа ,male
 Ариунномин ,male
 Тэлмүүнсайхан ,male
 Уртнасан ,male
 Түвшин ,male
 Ууганэрдэнэ ,male
 Дашдэмбэрэл ,female
 Галхүү ,male
 Жанбота ,male
 Мөнгөнэрдэм ,female
 Дугар ,male
 Мөнхлхагва ,male
